"Date","Price","Open","High","Low","Vol.","Change %"
"06/08/2026","0.588","0.591","0.591","0.587","","-0.68%"
"06/07/2026","0.592","0.591","0.592","0.592","","0.00%"
"06/05/2026","0.592","0.582","0.593","0.582","","1.72%"
"06/04/2026","0.582","0.583","0.586","0.578","","-0.17%"
"06/03/2026","0.583","0.576","0.583","0.575","","1.22%"
"06/02/2026","0.576","0.575","0.578","0.573","","0.17%"
"06/01/2026","0.575","0.572","0.577","0.570","","0.35%"
"05/31/2026","0.573","0.571","0.573","0.572","","0.00%"
"05/29/2026","0.573","0.568","0.575","0.567","","0.88%"
"05/28/2026","0.568","0.570","0.574","0.567","","-0.35%"
"05/27/2026","0.570","0.572","0.573","0.567","","-0.35%"
"05/26/2026","0.572","0.574","0.576","0.569","","-0.35%"
"05/25/2026","0.574","0.577","0.577","0.571","","-0.52%"
"05/22/2026","0.577","0.571","0.577","0.570","","1.05%"
"05/21/2026","0.571","0.568","0.574","0.567","","0.53%"
"05/20/2026","0.568","0.572","0.574","0.566","","-0.70%"
"05/19/2026","0.572","0.565","0.574","0.565","","1.24%"
"05/18/2026","0.565","0.568","0.572","0.565","","-0.53%"
"05/15/2026","0.568","0.567","0.572","0.566","","0.18%"
"05/14/2026","0.567","0.565","0.568","0.565","","0.35%"
"05/13/2026","0.565","0.567","0.570","0.564","","-0.35%"
"05/12/2026","0.567","0.560","0.568","0.559","","1.25%"
"05/11/2026","0.560","0.556","0.561","0.556","","0.72%"
"05/08/2026","0.556","0.554","0.560","0.553","","0.36%"
"05/07/2026","0.554","0.550","0.555","0.549","","0.91%"
"05/06/2026","0.549","0.559","0.560","0.547","","-1.61%"
"05/05/2026","0.558","0.560","0.562","0.557","","-0.53%"
"05/04/2026","0.561","0.559","0.562","0.555","","0.54%"
"05/01/2026","0.558","0.559","0.561","0.557","","-0.18%"
"04/30/2026","0.559","0.565","0.565","0.558","","-1.06%"
"04/29/2026","0.565","0.559","0.567","0.558","","1.07%"
"04/28/2026","0.559","0.559","0.561","0.558","","0.00%"
"04/27/2026","0.559","0.560","0.561","0.557","","-0.18%"
"04/24/2026","0.560","0.563","0.565","0.559","","-0.53%"
"04/23/2026","0.563","0.562","0.565","0.561","","0.18%"
"04/22/2026","0.562","0.563","0.565","0.560","","-0.35%"
"04/21/2026","0.564","0.559","0.564","0.557","","0.89%"
"04/20/2026","0.559","0.557","0.562","0.556","","0.36%"
"04/17/2026","0.557","0.562","0.564","0.552","","-0.89%"
"04/16/2026","0.562","0.560","0.563","0.557","","0.36%"
"04/15/2026","0.560","0.559","0.562","0.558","","0.18%"
"04/14/2026","0.559","0.562","0.564","0.557","","-0.53%"
"04/13/2026","0.562","0.563","0.570","0.561","","-0.35%"
"04/10/2026","0.564","0.560","0.565","0.559","","0.71%"
"04/09/2026","0.560","0.562","0.564","0.559","","-0.36%"
"04/08/2026","0.562","0.569","0.571","0.558","","-1.06%"
"04/07/2026","0.568","0.573","0.574","0.567","","-0.87%"
"04/06/2026","0.573","0.574","0.574","0.569","","-0.17%"
"04/03/2026","0.574","0.573","0.574","0.571","","0.17%"
"04/02/2026","0.573","0.575","0.579","0.572","","-0.35%"
"04/01/2026","0.575","0.572","0.576","0.568","","0.52%"
"03/31/2026","0.572","0.576","0.584","0.571","","-0.69%"
"03/30/2026","0.576","0.573","0.578","0.573","","0.52%"
"03/27/2026","0.573","0.572","0.575","0.571","","0.17%"
"03/26/2026","0.572","0.571","0.574","0.570","","0.18%"
"03/25/2026","0.571","0.568","0.572","0.565","","0.53%"
"03/24/2026","0.568","0.565","0.571","0.564","","0.53%"
"03/23/2026","0.565","0.572","0.577","0.562","","-1.22%"
"03/20/2026","0.572","0.569","0.573","0.566","","0.88%"
"03/19/2026","0.567","0.573","0.574","0.566","","-1.05%"
"03/18/2026","0.573","0.566","0.574","0.563","","1.24%"
"03/17/2026","0.566","0.567","0.569","0.564","","-0.18%"
"03/16/2026","0.567","0.571","0.571","0.565","","-0.70%"
"03/13/2026","0.571","0.568","0.572","0.565","","0.53%"
"03/12/2026","0.568","0.563","0.569","0.561","","0.89%"
"03/11/2026","0.563","0.562","0.564","0.557","","0.18%"
"03/10/2026","0.562","0.557","0.564","0.556","","1.08%"
"03/09/2026","0.556","0.566","0.571","0.556","","-1.59%"
"03/06/2026","0.565","0.565","0.570","0.559","","0.00%"
"03/05/2026","0.565","0.558","0.568","0.555","","1.25%"
"03/04/2026","0.558","0.567","0.567","0.556","","-1.24%"
"03/03/2026","0.565","0.556","0.575","0.555","","1.62%"
"03/02/2026","0.556","0.554","0.559","0.553","","0.54%"
"02/27/2026","0.553","0.549","0.555","0.549","","0.73%"
"02/26/2026","0.549","0.547","0.552","0.543","","0.37%"
"02/25/2026","0.547","0.550","0.551","0.545","","-0.55%"
"02/24/2026","0.550","0.553","0.554","0.549","","-0.54%"
"02/23/2026","0.553","0.557","0.558","0.551","","-0.72%"
"02/20/2026","0.557","0.558","0.559","0.555","","-0.18%"
"02/19/2026","0.558","0.555","0.561","0.555","","0.54%"
"02/18/2026","0.555","0.557","0.558","0.555","","-0.18%"
"02/17/2026","0.556","0.555","0.558","0.555","","0.00%"
"02/16/2026","0.556","0.555","0.557","0.554","","0.18%"
"02/13/2026","0.555","0.555","0.558","0.554","","0.00%"
"02/12/2026","0.555","0.557","0.559","0.552","","-0.18%"
"02/11/2026","0.556","0.563","0.565","0.555","","-1.24%"
"02/10/2026","0.563","0.563","0.566","0.561","","0.00%"
"02/09/2026","0.563","0.565","0.567","0.561","","-0.18%"
"02/06/2026","0.564","0.567","0.569","0.563","","-0.53%"
"02/05/2026","0.567","0.563","0.567","0.562","","0.71%"
"02/04/2026","0.563","0.558","0.563","0.557","","0.90%"
"02/03/2026","0.558","0.559","0.560","0.553","","-0.18%"
"02/02/2026","0.559","0.559","0.564","0.557","","0.00%"
"01/30/2026","0.559","0.551","0.560","0.550","","1.45%"
"01/29/2026","0.551","0.549","0.553","0.546","","0.36%"
"01/28/2026","0.549","0.550","0.552","0.544","","0.18%"
"01/27/2026","0.548","0.552","0.555","0.548","","-0.72%"
"01/26/2026","0.552","0.551","0.553","0.547","","0.18%"
"01/23/2026","0.551","0.558","0.561","0.550","","-1.08%"
"01/22/2026","0.557","0.558","0.560","0.557","","-0.18%"
"01/21/2026","0.558","0.563","0.564","0.557","","-1.06%"
"01/20/2026","0.564","0.561","0.564","0.561","","0.53%"
"01/19/2026","0.561","0.562","0.563","0.560","","0.00%"
"01/16/2026","0.561","0.560","0.562","0.559","","0.18%"
"01/15/2026","0.560","0.557","0.562","0.557","","0.54%"
"01/14/2026","0.557","0.561","0.563","0.556","","-0.71%"
"01/13/2026","0.561","0.558","0.563","0.558","","0.54%"
"01/12/2026","0.558","0.556","0.560","0.555","","0.54%"
"01/09/2026","0.555","0.552","0.557","0.552","","0.36%"
"01/08/2026","0.553","0.551","0.554","0.550","","0.36%"
"01/07/2026","0.551","0.550","0.552","0.550","","0.00%"
"01/06/2026","0.551","0.550","0.552","0.549","","0.18%"
"01/05/2026","0.550","0.550","0.552","0.549","","0.36%"
"01/02/2026","0.548","0.548","0.551","0.547","","-0.18%"
"01/01/2026","0.549","0.548","0.549","0.548","","0.18%"
"12/31/2025","0.548","0.549","0.551","0.547","","0.00%"
"12/30/2025","0.548","0.546","0.552","0.544","","0.37%"
"12/29/2025","0.546","0.549","0.549","0.544","","-0.55%"
"12/26/2025","0.549","0.550","0.553","0.544","","-0.18%"
"12/25/2025","0.550","0.550","0.551","0.549","","0.00%"
"12/24/2025","0.550","0.562","0.563","0.549","","-2.14%"
"12/23/2025","0.562","0.561","0.564","0.561","","0.00%"
"12/22/2025","0.562","0.561","0.563","0.560","","0.18%"
"12/19/2025","0.561","0.561","0.563","0.560","","0.00%"
"12/18/2025","0.561","0.560","0.562","0.559","","0.18%"
"12/17/2025","0.560","0.559","0.563","0.559","","0.18%"
"12/16/2025","0.559","0.558","0.561","0.558","","0.18%"
"12/15/2025","0.558","0.561","0.562","0.556","","-0.53%"
"12/12/2025","0.561","0.559","0.563","0.558","","0.36%"
"12/11/2025","0.559","0.557","0.560","0.555","","0.36%"
"12/10/2025","0.557","0.557","0.559","0.555","","0.00%"
"12/09/2025","0.557","0.558","0.559","0.556","","-0.18%"
"12/08/2025","0.558","0.559","0.559","0.556","","-0.18%"
"12/05/2025","0.559","0.559","0.560","0.557","","0.00%"
"12/04/2025","0.559","0.556","0.560","0.555","","0.54%"
"12/03/2025","0.556","0.557","0.558","0.555","","-0.18%"
"12/02/2025","0.557","0.558","0.559","0.556","","-0.18%"
"12/01/2025","0.558","0.556","0.559","0.556","","0.18%"
"11/28/2025","0.557","0.554","0.559","0.554","","0.54%"
"11/27/2025","0.554","0.558","0.558","0.554","","-0.72%"
"11/26/2025","0.558","0.556","0.560","0.552","","0.36%"
"11/25/2025","0.556","0.560","0.560","0.555","","-0.54%"
"11/24/2025","0.559","0.558","0.562","0.557","","0.18%"
"11/21/2025","0.558","0.559","0.561","0.557","","-0.18%"
"11/20/2025","0.559","0.556","0.560","0.556","","0.54%"
"11/19/2025","0.556","0.553","0.557","0.552","","0.54%"
"11/18/2025","0.553","0.555","0.557","0.553","","-0.36%"
"11/17/2025","0.555","0.550","0.555","0.550","","0.91%"
"11/14/2025","0.550","0.557","0.560","0.549","","-1.43%"
"11/13/2025","0.558","0.557","0.560","0.554","","0.00%"
"11/12/2025","0.558","0.555","0.559","0.555","","0.54%"
"11/11/2025","0.555","0.554","0.558","0.553","","0.18%"
"11/10/2025","0.554","0.553","0.555","0.551","","0.18%"
"11/07/2025","0.553","0.551","0.556","0.550","","0.36%"
"11/06/2025","0.551","0.547","0.552","0.547","","0.73%"
"11/05/2025","0.547","0.548","0.551","0.547","","-0.36%"
"11/04/2025","0.549","0.544","0.549","0.543","","1.10%"
"11/03/2025","0.543","0.543","0.545","0.542","","0.00%"
"10/31/2025","0.543","0.543","0.544","0.541","","0.00%"
"10/30/2025","0.543","0.542","0.545","0.539","","0.18%"
"10/29/2025","0.542","0.544","0.545","0.539","","-0.37%"
"10/28/2025","0.544","0.543","0.547","0.543","","0.18%"
"10/27/2025","0.543","0.547","0.547","0.543","","-0.73%"
"10/24/2025","0.547","0.546","0.548","0.544","","0.18%"
"10/23/2025","0.546","0.544","0.548","0.543","","0.37%"
"10/22/2025","0.544","0.543","0.545","0.542","","0.18%"
"10/21/2025","0.543","0.539","0.544","0.539","","0.56%"
"10/20/2025","0.540","0.540","0.541","0.538","","0.00%"
"10/17/2025","0.540","0.538","0.542","0.538","","0.37%"
"10/16/2025","0.538","0.540","0.540","0.537","","-0.37%"
"10/15/2025","0.540","0.542","0.543","0.538","","-0.37%"
"10/14/2025","0.542","0.542","0.545","0.541","","0.00%"
"10/13/2025","0.542","0.543","0.544","0.540","","-0.18%"
"10/10/2025","0.543","0.539","0.543","0.538","","0.56%"
"10/09/2025","0.540","0.539","0.542","0.537","","0.19%"
"10/08/2025","0.539","0.537","0.542","0.536","","0.37%"
"10/07/2025","0.537","0.535","0.537","0.534","","0.37%"
"10/06/2025","0.535","0.533","0.537","0.533","","0.19%"
"10/03/2025","0.534","0.533","0.534","0.532","","0.19%"
"10/02/2025","0.533","0.531","0.534","0.530","","0.38%"
"10/01/2025","0.531","0.531","0.533","0.531","","0.00%"
"09/30/2025","0.531","0.529","0.532","0.529","","0.19%"
"09/29/2025","0.530","0.534","0.534","0.529","","-0.75%"
"09/26/2025","0.534","0.534","0.536","0.533","","0.00%"
"09/25/2025","0.534","0.532","0.535","0.529","","0.38%"
"09/24/2025","0.532","0.528","0.533","0.527","","0.76%"
"09/23/2025","0.528","0.527","0.529","0.526","","0.19%"
"09/22/2025","0.527","0.530","0.530","0.526","","-0.57%"
"09/19/2025","0.530","0.526","0.531","0.526","","0.76%"
"09/18/2025","0.526","0.523","0.527","0.522","","0.38%"
"09/17/2025","0.524","0.523","0.525","0.520","","0.19%"
"09/16/2025","0.523","0.525","0.526","0.522","","-0.38%"
"09/15/2025","0.525","0.528","0.529","0.525","","-0.57%"
"09/12/2025","0.528","0.527","0.529","0.525","","0.38%"
"09/11/2025","0.526","0.526","0.528","0.525","","0.00%"
"09/10/2025","0.526","0.527","0.527","0.525","","0.00%"
"09/09/2025","0.526","0.525","0.527","0.524","","0.38%"
"09/08/2025","0.524","0.525","0.528","0.524","","-0.19%"
"09/05/2025","0.525","0.528","0.528","0.524","","-0.57%"
"09/04/2025","0.528","0.527","0.529","0.526","","0.19%"
"09/03/2025","0.527","0.530","0.531","0.526","","-0.57%"
"09/02/2025","0.530","0.529","0.531","0.527","","0.19%"
"09/01/2025","0.529","0.527","0.530","0.527","","0.38%"
"08/29/2025","0.527","0.524","0.530","0.524","","0.38%"
"08/28/2025","0.525","0.528","0.528","0.525","","-0.57%"
"08/27/2025","0.528","0.529","0.531","0.528","","-0.19%"
"08/26/2025","0.529","0.529","0.531","0.527","","0.00%"
"08/25/2025","0.529","0.525","0.529","0.525","","0.76%"
"08/22/2025","0.525","0.530","0.530","0.524","","-0.94%"
"08/21/2025","0.530","0.530","0.531","0.528","","0.00%"
"08/20/2025","0.530","0.529","0.532","0.529","","0.19%"
"08/19/2025","0.529","0.528","0.530","0.527","","0.19%"
"08/18/2025","0.528","0.529","0.529","0.526","","-0.19%"
"08/15/2025","0.529","0.529","0.530","0.527","","0.00%"
"08/14/2025","0.529","0.525","0.530","0.524","","0.76%"
"08/13/2025","0.525","0.527","0.528","0.523","","-0.38%"
"08/12/2025","0.527","0.530","0.531","0.527","","-0.57%"
"08/11/2025","0.530","0.530","0.532","0.528","","0.00%"
"08/08/2025","0.530","0.528","0.531","0.526","","0.38%"
"08/07/2025","0.528","0.528","0.530","0.526","","0.00%"
"08/06/2025","0.528","0.528","0.531","0.528","","0.00%"
"08/05/2025","0.528","0.529","0.531","0.528","","-0.19%"
"08/04/2025","0.529","0.530","0.531","0.527","","-0.19%"
"08/01/2025","0.530","0.532","0.537","0.528","","-0.38%"
"07/31/2025","0.532","0.532","0.534","0.529","","0.00%"
"07/30/2025","0.532","0.529","0.533","0.526","","0.57%"
"07/29/2025","0.529","0.531","0.533","0.529","","-0.19%"
"07/28/2025","0.530","0.529","0.531","0.526","","0.19%"
"07/25/2025","0.529","0.524","0.530","0.524","","0.76%"
"07/24/2025","0.525","0.525","0.526","0.522","","-0.19%"
"07/23/2025","0.526","0.527","0.529","0.526","","-0.38%"
"07/22/2025","0.528","0.529","0.532","0.528","","-0.19%"
"07/21/2025","0.529","0.532","0.533","0.528","","-0.56%"
"07/18/2025","0.532","0.532","0.533","0.530","","0.00%"
"07/17/2025","0.532","0.530","0.534","0.529","","0.38%"
"07/16/2025","0.530","0.530","0.533","0.529","","-0.19%"
"07/15/2025","0.531","0.529","0.531","0.527","","0.38%"
"07/14/2025","0.529","0.528","0.530","0.527","","0.19%"
"07/11/2025","0.528","0.525","0.528","0.525","","0.57%"
"07/10/2025","0.525","0.526","0.527","0.525","","-0.19%"
"07/09/2025","0.526","0.524","0.528","0.524","","0.38%"
"07/08/2025","0.524","0.526","0.526","0.522","","-0.38%"
"07/07/2025","0.526","0.520","0.528","0.520","","1.15%"
"07/04/2025","0.520","0.520","0.522","0.519","","0.00%"
"07/03/2025","0.520","0.518","0.523","0.517","","0.39%"
"07/02/2025","0.518","0.519","0.522","0.518","","-0.19%"
"07/01/2025","0.519","0.518","0.520","0.516","","0.19%"
"06/30/2025","0.518","0.523","0.523","0.516","","-0.96%"
"06/27/2025","0.523","0.520","0.523","0.518","","0.58%"
"06/26/2025","0.520","0.520","0.521","0.517","","0.00%"
"06/25/2025","0.520","0.519","0.523","0.517","","0.19%"
"06/24/2025","0.519","0.523","0.523","0.518","","-0.76%"
"06/23/2025","0.523","0.526","0.531","0.523","","-0.57%"
"06/20/2025","0.526","0.527","0.528","0.522","","-0.19%"
"06/19/2025","0.527","0.527","0.531","0.525","","0.00%"
"06/18/2025","0.527","0.530","0.530","0.525","","-0.57%"
"06/17/2025","0.530","0.522","0.530","0.520","","1.53%"
"06/16/2025","0.522","0.524","0.525","0.519","","-0.38%"
"06/13/2025","0.524","0.521","0.527","0.520","","0.77%"
"06/12/2025","0.520","0.526","0.527","0.519","","-1.14%"
"06/11/2025","0.526","0.525","0.529","0.524","","0.19%"
"06/10/2025","0.525","0.520","0.526","0.519","","0.96%"
"06/09/2025","0.520","0.522","0.524","0.519","","-0.38%"
"06/06/2025","0.522","0.520","0.523","0.519","","0.38%"
"06/05/2025","0.520","0.522","0.523","0.518","","-0.38%"
"06/04/2025","0.522","0.529","0.529","0.522","","-1.32%"
"06/03/2025","0.529","0.529","0.530","0.527","","0.00%"
"06/02/2025","0.529","0.531","0.532","0.527","","-0.38%"
"05/30/2025","0.531","0.527","0.532","0.526","","0.76%"
"05/29/2025","0.527","0.529","0.534","0.526","","-0.38%"
"05/28/2025","0.529","0.531","0.532","0.527","","-0.38%"
"05/27/2025","0.531","0.529","0.532","0.526","","0.38%"
"05/26/2025","0.529","0.526","0.530","0.525","","0.57%"
"05/23/2025","0.526","0.532","0.533","0.525","","-1.13%"
"05/22/2025","0.532","0.529","0.534","0.528","","0.57%"
"05/21/2025","0.529","0.537","0.537","0.526","","-1.49%"
"05/20/2025","0.537","0.536","0.538","0.535","","0.19%"
"05/19/2025","0.536","0.540","0.541","0.534","","-0.74%"
"05/16/2025","0.540","0.539","0.541","0.535","","0.19%"
"05/15/2025","0.539","0.543","0.545","0.536","","-0.74%"
"05/14/2025","0.543","0.546","0.548","0.536","","-0.55%"
"05/13/2025","0.546","0.546","0.551","0.542","","0.00%"
"05/12/2025","0.546","0.537","0.549","0.536","","1.68%"
"05/09/2025","0.537","0.541","0.545","0.537","","-0.74%"
"05/08/2025","0.541","0.539","0.542","0.536","","0.37%"
"05/07/2025","0.539","0.530","0.541","0.530","","1.70%"
"05/06/2025","0.530","0.530","0.536","0.529","","0.00%"
"05/05/2025","0.530","0.538","0.539","0.526","","-1.49%"
"05/02/2025","0.538","0.552","0.554","0.535","","-2.54%"
"05/01/2025","0.552","0.548","0.553","0.547","","0.73%"